38.5,66,28,2,2,2,4,4,1.78,1.61333333333333,5.778,2,45,8.4,5.67566666666666,0,1,0,0,0,1,0,0,0,0,0,0,1,0,0,0,0,1,0,0,1,1
39.2,88,20,1.75333333333333,2.09333333333333,1,4,2,1.49333333333333,1.85666666666667,1.62833333333333,1,50,85,2,1,1,0,0,0,1,0,0,0,0,1,0,0,0,1,0,0,0,0,1,0,1
38.3,40,24,3,3,1,3,1,1.46333333333333,1.07333333333333,6.39733333333334,3,33,6.7,4.71533333333333,0,1,0,0,1,0,0,0,0,0,1,0,0,1,0,0,0,0,1,0,0,1
39.1,164,84,1,3,2,4,4,1,3,5,2,48,7.2,5.3,1,0,0,0,0,0,0,1,0,1,0,0,0,0,0,0,0,1,0,0,1,0
37.3,104,35,1.87666666666667,1.97333333333333,2,3.78333333333333,3.07666666666667,1.96333333333333,2.23333333333333,5.45266666666667,1.87666666666667,74,7.4,4.28833333333333,0,1,0,0,0,0,0,1,0,0,0,0,1,0,0,0,0,1,0,0,1,1
38.0560000000001,56.8066666666667,27.4666666666667,4,3,1,3,2,2,1,2.30066666666667,2,43.48,7.01400000000001,1.55533333333333,0,1,0,0,1,0,0,0,0,1,0,0,0,0,0,1,0,0,0,1,0,1
37.9,48,16,3,3,1,3,3,1,1,5.506,2,37,7,5.63233333333333,1,1,1,0,0,0,0,0,0,0,1,0,0,0,0,0,0,1,1,0,0,0
37.6806666666667,60,27.9666666666667,2,2.50666666666667,1,4,2,2,1,5.62066666666667,2,44,8.3,4.70633333333334,1,1,0,0,1,0,0,0,0,0,1,0,0,0,0,0,1,0,0,1,0,0
38.034,80,36,2,1,1,4,4,2,1,5.80333333333334,2,38,6.2,4.56666666666667,0,1,0,0,1,0,0,0,0,0,0,1,0,0,0,0,0,1,0,1,0,0
38.3,90,29.7333333333333,3,2.85666666666667,1,3,1,2,1,2.127,2,40,6.2,2.2,0,0,1,0,0,0,0,0,0,0,0,0,1,1,0,0,0,0,1,0,0,1
38.1,66,12,2,2,1,3,1,2,1,3,4,44,6,3.6,1,1,0,0,0,0,1,0,0,0,1,0,0,0,0,0,0,1,0,1,0,0
39.1,72,52,4,2.87666666666667,1,1,2,1,1,5.79533333333334,1,50,7.8,4.22866666666667,0,1,0,1,0,0,0,0,0,1,0,0,0,0,0,0,1,0,1,0,0,0
37.2,42,12,4,3,1,3,3,3,1,5.38933333333333,1,40.6,7,6.43199999999999,1,1,1,0,0,0,0,0,0,0,1,0,0,0,0,0,0,1,0,1,0,1
38,92,28,3,3,1,3,2,3,1.73,7.2,3,37,6.1,5.19599999999999,0,0,0,1,0,0,0,0,1,0,0,0,0,1,0,0,0,0,1,0,0,1
38.2,76,28,2,3,1,4,1,2,3,1.88166666666667,1,46,81,2,1,1,1,0,0,0,0,0,0,0,1,0,0,0,0,0,1,0,1,0,0,0
37.6,96,48,2,3,1,3,3,2,2,4.5,1,45,6.8,3.26333333333333,1,1,0,0,0,1,0,0,0,0,0,0,1,0,0,0,1,0,0,0,1,0
38.172,128,36,2,2,2,4,3,3,1.90333333333333,6.45633333333334,1,53,7.8,4.7,1,0,0,0,0,1,0,0,0,0,0,1,0,0,0,0,0,1,0,0,1,1
37.5,48,24,2.94,3.00666666666667,1.00333333333333,1.39,1.11666666666667,1.35,1.00666666666667,1.922,2.96,40.475,15.3086666666667,1.64933333333334,0,1,1,0,0,0,0,0,1,0,0,0,0,1,0,0,0,0,0,1,0,1
37.6,64,21,3,3,1,3,1,1,1,5.85166666666667,4,40,7,4.314,1,1,0,1,0,0,0,0,0,1,0,0,0,0,0,0,0,1,1,0,0,0
39.4,110,35,1,2,1.86,3,3,1.22333333333333,1.97666666666667,6.20400000000001,1.23666666666667,55,8.7,4.462,0,1,0,0,0,0,0,1,0,1,0,0,0,0,0,0,0,1,0,0,1,1
39.9,72,60,3,3,2,4,4,3,1,4.25633333333333,1,46,6.1,3.49233333333333,1,1,0,0,0,0,1,0,0,0,0,0,1,0,0,0,1,0,0,1,0,0
38.4,48,16,3,2.95666666666667,1,3,1,2,2,5.5,1,49,6.8,6.09866666666666,0,1,1,0,0,0,0,0,1,0,0,0,0,0,0,1,0,0,1,0,0,1
38.6,42,34,4,3,1.11666666666667,3,1,1.58,1.94333333333333,6.57733333333333,3,48,7.2,4.41466666666666,1,1,0,0,0,1,0,0,0,1,0,0,0,0,0,0,0,1,0,1,0,0
38.3,130,60,2.06666666666667,2,1,4,3.47666666666667,1.55333333333333,1.71333333333333,1.63833333333333,1.39333333333333,50,70,1.988,1,0,0,0,0,1,0,0,0,1,0,0,0,0,0,0,0,1,0,1,0,0
38.1,60,12,2,2,1,4,3,3,3,2,1.25666666666667,51,65,1.68233333333333,1,1,0,0,1,0,0,0,0,0,0,1,0,0,0,0,0,1,0,0,1,0
37.8,60,42,2.83,3.07333333333333,1,2.09666666666667,1.27333333333333,1.45666666666667,1.18,1.68166666666667,2.81333333333333,38.7883333333333,63.7933333333333,1.12533333333333,0,1,1,0,0,0,0,0,0,0,1,0,0,1,0,0,0,0,1,0,0,1
38.3,72,30,1,2,2,3,3,2,1,5.65533333333334,2,43,7,3.9,1,1,0,0,1,0,0,0,0,0,1,0,0,0,0,0,0,1,0,1,0,0
37.8,48,12,2,3,1,3,2,1,1,2.06133333333333,3,37,5.5,1.3,1,1,1,0,0,0,0,0,0,0,1,0,0,0,0,1,0,0,0,1,0,1
38.2333333333333,49.3966666666667,23.7733333333333,3.11,3,1.22333333333333,1.70333333333333,1.16666666666667,1.89666666666667,1.04,5.87833333333333,2.79333333333333,41.41,7.28333333333332,6.55866666666666,1,1,1,0,0,0,0,0,1,0,0,0,0,1,0,0,0,0,1,0,0,1
37.7,48,22.1133333333333,4,3,1,1,1,1,1,1.73166666666667,2.93666666666667,45,76,1.537,0,1,1,0,0,0,0,0,1,0,0,0,0,1,0,0,0,0,1,0,0,1
37.7,96,30,2,2,2,4,4,3,3,4,1,66,7.5,3.77933333333333,0,1,0,0,0,1,0,0,0,0,0,0,1,0,0,0,0,1,0,0,1,0
37.2,108,12,2,2,2,4,2,2.11,2,6,2,52,8.2,7.4,0,1,0,0,0,1,0,0,0,1,0,0,0,0,0,1,0,0,0,0,1,0
37.2,60,26.71,4,3,1,3,3,2,1,5.501,1,43,6.6,6.29599999999999,1,1,1,0,0,0,0,0,0,0,1,0,0,0,0,0,0,1,1,0,0,0
38.2,64,28,3,3,1,1,2.02333333333333,1.88,2.11,5.47233333333334,1,49,8.6,6.6,1,1,1,0,0,0,0,0,0,0,1,0,0,0,0,0,1,0,0,1,0,0
37.491,100,30,2,2,2,4,4,3,2,5.16466666666667,1,52,6.6,5.672,1,1,0,0,0,1,0,0,0,0,0,0,1,0,0,0,1,0,0,0,1,0
38.2196666666667,104,24,1,2,2,4,3,1.61666666666667,2,5.734,1.63,73,8.4,4.34733333333334,0,1,0,0,1,0,0,0,0,0,0,1,0,0,1,0,0,0,0,0,1,0
38.3,112,16,2.34333333333333,2,2,2.84333333333333,1,1,3,2.06633333333333,2.74666666666667,51,6,1,0,1,0,0,0,0,1,0,0,0,1,0,0,0,0,0,0,1,0,1,0,1
37.8,72,26.9066666666667,2.19666666666667,2,1,3,1,1.63,1,1.87466666666667,3,56,80,2,1,1,0,0,1,0,0,0,0,0,0,0,1,1,0,0,0,0,1,0,0,0
38.6,52,19.0166666666667,3,3,1,3,2,1,1,5.886,3,32,6.6,5,0,1,1,0,0,0,0,0,0,0,1,0,0,0,0,1,0,0,1,0,0,1
39.2,146,96,2.68333333333333,2.32666666666667,1.28333333333333,2.83333333333333,2.57,1.63666666666667,1.80666666666667,2.05166666666667,1.96333333333333,41.72,6.51200000000001,0.840666666666664,1,0,0,1,0,0,0,0,0,0,1,0,0,0,0,0,0,1,0,1,0,0
38.26,88,29.97,2,2,2,3,3,1,2,5.58733333333334,1,63,6.5,4.18166666666667,1,1,0,0,0,0,0,1,0,0,0,0,1,0,0,0,0,1,0,0,1,0
39,150,72,2.66666666666667,2.37333333333333,1.33666666666667,2.87666666666667,2.71,1.64333333333333,1.76666666666667,2.065,1.81666666666667,47,8.5,0.1,0,0,0,1,0,0,0,0,0,1,0,0,0,0,0,0,0,1,0,1,0,0
38,60,12,2,3,1,3,1,1,1,5.81133333333334,4,47,7,4.78666666666667,0,1,0,0,1,0,0,0,0,0,1,0,0,0,1,0,0,0,1,0,0,1
38.0656666666667,120,31.21,2,1,1,4,4,1,1,1.69933333333333,1.65666666666667,52,67,2,1,1,0,0,0,1,0,0,0,0,0,1,0,0,0,0,0,1,0,1,0,0
35.4,140,24,2,2,2,4,3.51666666666667,2,1,1.806,1.43333333333333,57,69,2,1,1,0,0,0,1,0,0,0,0,0,1,0,0,0,0,0,1,0,0,1,0
38.096,120,25.8733333333333,1,2,2,4,4,1,1,5.391,1,60,6.5,5.93566666666666,0,1,0,0,0,1,0,0,0,0,0,0,1,0,0,0,0,1,0,0,1,0
37.9,60,15,2,1.83666666666667,2,4,4,2,3,5.221,1,65,7.5,5.89033333333333,1,1,0,0,0,1,0,0,0,0,0,0,1,0,0,0,0,1,0,0,1,0
37.5,48,16,3,3,1,1,1,1,1,5.65466666666666,3,37,6.5,6.23766666666666,0,1,1,0,0,0,0,0,1,0,0,0,0,1,0,0,0,0,0,1,0,1
38.9,80,44,2,2,2,3,3,2,3,7,2,54,6.5,4.23333333333333,1,1,0,0,1,0,0,0,0,1,0,0,0,1,0,0,0,0,0,0,1,0
37.2,84,48,2,2,2,1,2,1,3,5.135,4,73,5.5,4.1,0,1,0,0,0,0,1,0,0,0,0,1,0,1,0,0,0,0,0,1,0,1
38.6,46,21.03,3,3,1,3,2,1,1,2.21833333333333,2.42,49,9.1,1.6,0,1,0,1,0,0,0,0,1,0,0,0,0,0,1,0,0,0,1,0,0,1
37.4,84,36,3,2.41,2,3,2,2.06,2.15333333333333,5.97766666666667,1,47.21,7.00866666666667,4.87766666666667,1,1,0,0,1,0,0,0,0,0,1,0,0,0,0,0,0,1,0,0,1,0
38.025,51.2633333333333,21.96,3,3,1,3,1,1.55,1.1,5.79400000000001,4,43,7.7,4.48766666666667,0,1,0,0,1,0,0,0,1,0,0,0,0,0,1,0,0,0,1,0,0,1
38.6,40,20,3.15,3.00333333333333,1,1.50666666666667,1.16,1.90333333333333,1.03,5.487,2.81,41,6.4,6.221,0,1,1,0,0,0,0,0,1,0,0,0,0,1,0,0,0,0,1,0,0,1
40.3,114,36,2,2,2,3,3,2,1,7,3,57,8.1,4.5,0,1,1,0,0,0,0,0,0,1,0,0,0,0,0,0,0,1,0,0,1,0
38.6,160,20,2,2.15333333333333,1,3,4,3,1.58333333333333,3.97433333333333,1,38,5.513,3.67033333333333,1,0,0,0,0,0,1,0,0,0,1,0,0,0,0,0,1,0,0,1,0,0
38.286,52.3533333333333,24.7833333333333,2.86666666666667,2.97,1.02,2.49333333333333,1.97,1.33333333333333,1.32333333333333,5.71833333333333,2.08666666666667,24,6.7,5.67266666666665,1,1,1,0,0,0,0,0,0,0,1,0,0,0,0,0,0,1,1,0,0,0
38.123,64,36,4,2.66666666666667,1,3,3,2,3,5.41466666666667,1.72666666666667,42,7.7,3.58733333333333,1,1,0,1,0,0,0,0,0,0,0,0,1,0,0,0,0,1,1,0,0,0
37.8186666666667,90.9333333333333,20,1,2,1.72,4,3,2,1.76666666666667,4.29733333333333,1,53,5.9,3.47499999999999,1,1,0,0,1,0,0,0,0,0,0,0,1,0,0,0,1,0,0,0,1,0
37.844,96,28.8133333333333,2,2,2,4,4,1,3,5.77733333333334,1,60,7.013,4.75266666666667,0,1,0,0,1,0,0,0,0,0,0,0,1,0,0,0,0,1,0,0,1,0
37.8,48,32,3,3,1,1,2.26666666666667,1,1,5.774,1,37,6.7,4.164,0,1,0,0,1,0,0,0,0,1,0,0,0,0,0,0,0,1,0,1,0,1
38.5,60,29.8433333333333,4,4,1,2,2,2,1,6.05766666666667,3,44,7.7,5.92266666666666,0,1,1,0,0,0,0,0,1,0,0,0,0,1,0,0,0,0,1,0,0,1
37.8,88,22,4,3,1,2.62333333333333,2.17666666666667,2,1.76333333333333,5.29233333333334,1,64,8,6,1,1,0,1,0,0,0,0,0,0,1,0,0,0,0,0,1,0,1,0,0,0
38.2,130,16,1,2,2,4,4,1,1,1.62666666666667,1.35666666666667,65,82,2,0,1,0,0,0,1,0,0,0,1,0,0,0,0,0,0,0,1,0,1,0,1
39,64,36,2,3,2,3,2,1,3,7,1,44,7.5,5,1,1,0,0,0,1,0,0,0,0,1,0,0,0,0,0,0,1,0,0,1,0
37.9216666666667,60,36,2,3,1,3,2,1,1,1.855,2,26,72,1,1,1,0,0,1,0,0,0,0,0,1,0,0,0,0,0,1,0,0,1,0,0
37.9,72,27.6166666666667,3,3,2,3,1,1,2,2,2,58,74,2,0,1,0,0,0,0,1,0,0,0,1,0,0,0,0,0,1,0,1,0,0,0
38.4,54,24,3,3,1,3,1,2,1,5.58733333333334,2,49,7.2,6.701,0,1,1,0,0,0,0,0,1,0,0,0,0,0,1,0,0,0,1,0,0,1
37.7993333333334,52,16,3,2.91666666666667,1,1.80333333333333,1.27,2,2,5.5,2.84333333333333,55,7.2,5.08,0,1,0,0,1,0,0,0,1,0,0,0,0,1,0,0,0,0,0,1,0,1
38,48,12,3,3,1,3,1.46666666666667,1,1,4.93433333333333,2,42,6.3,4.1,0,1,1,0,0,0,0,0,1,0,0,0,0,0,1,0,0,0,0,1,0,1
37,60,20,2,2.57,1,3.12,3,2,3,4.5,1,43,7.6,3.71466666666666,0,1,0,0,1,0,0,0,0,0,1,0,0,0,0,0,1,0,0,0,1,0
37.8,48,28,3,3,1,2,1,2,1.35666666666667,5.39766666666667,3,46,5.9,7,1,1,1,0,0,0,0,0,1,0,0,0,0,1,0,0,0,0,0,1,0,1
37.7,56,30.4,3.36666666666667,2.97333333333333,1.01333333333333,2.60333333333333,1.53,1.75,1.22,5.62566666666667,2.02333333333333,39.02,6.856,5.85099999999999,1,1,1,0,0,0,0,0,0,0,1,0,0,0,0,0,0,1,1,0,0,0
38.1,52,24,3,3,1,3,1,2,2,7,3,54,7.5,2.6,1,1,0,0,0,0,1,0,0,0,0,1,0,0,0,0,0,1,0,1,0,0
38.31,126.753333333333,65.1966666666667,2.50333333333333,2.76333333333333,1.17,2.66,2.11333333333333,1.85666666666667,1.99666666666667,2.01333333333333,2.10333333333333,37,4.9,1.12333333333333,1,0,1,0,0,0,0,0,0,0,1,0,0,0,0,0,1,0,0,1,0,0
39.7,100,51.4966666666667,2,2,2,3,2.87,1.54666666666667,1.79333333333333,1.73833333333333,1.25666666666667,48,57,2,1,0,0,0,0,0,1,0,0,1,0,0,0,0,0,0,1,0,0,1,0,0
37.6,38,20,2,2,1,3,2,1.90666666666667,1.32,1.89,2,37,68,1.535,1,1,1,0,0,0,0,0,0,0,1,0,0,0,0,0,0,1,0,0,1,0
38.7,52,20,4,3.23,1,1,1,1,1,1.72166666666667,3,33,77,1.495,0,1,1,0,0,0,0,0,1,0,0,0,0,1,0,0,0,0,1,0,0,1
37.7703333333333,76.5166666666667,29.9266666666667,2,2,3,3,3,3,3,4.40366666666667,1,46,5.9,3.28999999999999,1,1,0,0,1,0,0,0,0,0,0,0,1,0,0,0,0,1,0,0,1,0
37.5,96,18,3,2,2,4,2,2,2,5,1.29666666666667,69,8.9,5.43366666666667,1,1,0,0,0,0,0,1,0,0,1,0,0,0,0,0,1,0,0,0,1,0
36.4,98,35,2,2,1,3,2,2.33666666666667,1.83,4.759,1,47,6.4,3.6,1,1,0,0,0,1,0,0,0,0,0,1,0,0,0,0,1,0,0,0,1,0
37.3,40,17.6933333333333,2.07333333333333,2,1,3,2,3,1,1.79666666666667,2,36,61.7366666666667,2,1,1,1,0,0,0,0,0,0,1,0,0,0,0,0,0,0,1,0,0,1,0
38.1,100,80,2,3,1,4,1,1.84333333333333,1.99333333333333,4.34433333333333,3,36,5.7,3.61166666666666,1,0,0,1,0,0,0,0,0,0,1,0,0,1,0,0,0,0,0,1,0,0
38,95.3466666666667,24,2,2,2,3.85,4,1,1,5.52666666666667,1.05666666666667,68,7.8,5.108,1,1,0,0,0,0,0,1,0,0,0,0,1,0,0,0,0,1,0,0,1,0
37.8,60,80,3,2,2,3,3,2.02,3,5.5,1,40,4.5,4.60833333333333,1,1,0,1,0,0,0,0,0,1,0,0,0,0,0,0,0,1,0,1,0,0
38,54,30,4,2,3,1,2,2,3,5.38333333333334,2.02666666666667,45,6.2,4.778,0,1,0,0,1,0,0,0,0,0,1,0,0,0,0,0,1,0,0,1,0,1
37.787,88,40,2,2,2,4,3,3,2.14666666666667,2.22666666666667,1,50,7.7,1.4,1,1,0,0,0,1,0,0,0,0,0,0,1,0,0,0,0,1,0,0,1,0
37.8186666666667,40,16,2.78333333333333,2.92333333333333,1,2.71333333333333,1.49,1.75666666666667,1.35,5.48333333333334,2.73333333333333,50,7,3.9,0,1,0,0,1,0,0,0,0,1,0,0,0,0,0,1,0,0,0,1,0,0
39,64,40,3,3,1,3,2,2,1,4.839,2,42,7.5,2.3,0,1,0,0,0,0,1,0,0,0,1,0,0,0,0,1,0,0,0,1,0,1
38.3,42,10,3,3,1,1,1,1.52333333333333,1.03666666666667,1.72933333333333,2.21333333333333,38,61,1.46533333333333,0,1,1,0,0,0,0,0,1,0,0,0,0,0,1,0,0,0,1,0,0,1
38,52,16,2.97,3.02333333333333,1.12,1.64333333333333,1.31666666666667,1.89666666666667,2,1,3,53,86,1.19833333333333,0,1,0,1,0,0,0,0,0,1,0,0,0,1,0,0,0,0,1,0,0,0
40.3,114,36,2,2,2,3,3,2,1,7,3,57,8.1,4.5,0,1,1,0,0,0,0,0,0,1,0,0,0,0,0,0,0,1,0,0,1,0
38.8,50,20,2,3,1,1,1,2,1,5.37466666666667,2,42,6.2,6.344,0,1,1,0,0,0,0,0,1,0,0,0,0,1,0,0,0,0,1,0,0,1
37.9393333333334,66.8366666666667,22.19,2,2,1,3,3,1,1,5.77666666666667,1,38,6.5,5.01733333333333,0,1,1,0,0,0,0,0,0,0,0,0,1,0,0,0,0,1,0,0,1,0
37.5,48,30,1,3,1,2,1,1,1,6.25066666666667,3,48,8.6,4.902,0,1,0,0,1,0,0,0,1,0,0,0,0,1,0,0,0,0,1,0,0,1
37.3,48,20,2.91333333333333,3,1,3,3,2,1,1.65833333333333,2,41,69,1.47166666666667,1,1,0,1,0,0,0,0,0,0,1,0,0,0,0,0,0,1,1,0,0,0
38.422,84,36,2.73333333333333,2.69666666666667,1,3,1,2,1,6.241,2,44,8.5,4.22933333333334,0,1,0,0,1,0,0,0,0,1,0,0,0,0,1,0,0,0,1,0,0,0
38.1,88,32,2,2,1,3,3,1.82333333333333,2,1,1,55,60,1.905,1,1,0,0,0,1,0,0,0,1,0,0,0,0,0,0,0,1,0,1,0,1
37.7,44,40,4,3,1,3,2,1,1,1.72,3,41,60,1.66333333333334,0,1,0,0,1,0,0,0,1,0,0,0,0,0,0,0,0,1,0,1,0,1
39.6,108,51,2,2,2,4,3,1,3,6.187,2,59,8,2.6,0,1,0,0,0,0,0,1,0,1,0,0,0,0,0,0,0,1,0,1,0,1
38.2,40,16,2,2,1,3,1.48,1.48,1.15666666666667,1.82166666666667,3,34,66,1.62866666666667,1,1,1,0,0,0,0,0,1,0,0,0,0,1,0,0,0,0,1,0,0,1
37.8483333333333,60,20,1,2,2,4,3.62666666666667,2.23,1,4.951,1,50.5333333333333,6.32299999999999,4.26099999999999,1,1,0,0,0,1,0,0,0,0,0,0,1,0,0,0,0,1,0,0,1,0
38.3,40,16,2,2.83,1,1.55333333333333,1.6,1.75666666666667,1.12333333333333,1.66166666666667,1.97666666666667,37,57,1.18866666666667,0,1,1,0,0,0,0,0,0,1,0,0,0,0,1,0,0,0,1,0,0,1
38,140,68,3,3,1,3,2,1.93,1.93333333333333,4.26733333333333,4,39,5.3,3.70599999999999,1,0,1,0,0,0,0,0,0,0,1,0,0,1,0,0,0,0,0,1,0,0
37.8,52,24,3,2,1,4,1,2,2,5.7,4,48,6.6,3.7,1,1,0,0,1,0,0,0,0,0,0,1,0,0,0,0,0,1,1,0,0,0
37.9556666666666,70,36,3,2.54666666666667,2,3,2,2,1.81333333333333,5.801,1,36,7.3,3.75366666666667,1,1,0,0,1,0,0,0,0,1,0,0,0,0,0,0,0,1,0,1,0,0
38.3,52,96,3.38,2,1,3.18,1.56666666666667,1,1,5.32366666666667,3,43,6.1,4.33766666666666,1,1,0,0,1,0,0,0,0,0,1,0,0,0,0,0,0,1,0,1,0,0
37.3,50,32,3,3,1,3,2,1.84,1.28333333333333,6.43633333333334,3,44,7,4.607,0,1,0,0,1,0,0,0,1,0,0,0,0,1,0,0,0,0,1,0,0,1
38.7,60,32,1,2,2,4,4,1.62666666666667,1.62666666666667,1.79166666666667,1,53,64,2,1,1,0,1,0,0,0,0,0,0,0,1,0,0,0,0,0,1,0,0,1,0
38.4,84,40,2,2,1,3,3,1,1,5.25166666666667,2.10666666666667,36,6.6,2.8,1,0,0,1,0,0,0,0,0,0,1,0,0,0,0,0,0,1,0,1,0,0
38.279,70,16,2,1,2,3,2,2,1,5.98733333333334,1,60,7.5,4.067,1,1,0,0,0,0,1,0,0,1,0,0,0,0,0,0,0,1,0,0,1,0
38.3,40,16,2,2.73333333333333,1,3,2,1.53,1.13666666666667,1.84433333333333,1.94333333333333,38,58,2,1,1,1,0,0,0,0,0,1,0,0,0,0,0,0,0,0,1,1,0,0,0
38.2003333333334,40,20.6833333333333,4,3,1,3,1,1,1,1.83933333333333,2.23666666666667,39,56,1.73833333333333,1,1,1,0,0,0,0,0,1,0,0,0,0,0,0,0,0,1,1,0,0,0
36.8,60,28,2.76333333333333,2.46,1.27333333333333,3.06,2.66666666666667,2.04333333333333,1.58,5.455,1.49666666666667,42.55,6.99799999999999,10,1,1,1,0,0,0,0,0,0,0,1,0,0,0,0,0,0,1,0,1,0,0
38.4,44,24,2,2.15666666666667,1.43,4,3,2,1,1.82,1,50,77,1.927,1,1,0,0,0,1,0,0,0,0,0,0,1,0,0,0,0,1,0,0,1,0
38.2173333333334,53.5066666666667,40,2,3,1,3,2,1.52,1.32666666666667,1.83166666666667,1.98666666666667,45,70,1.37466666666667,0,1,1,0,0,0,0,0,0,0,1,0,0,0,1,0,0,0,1,0,0,1
38,44,12,3,3,1,3,3,2,1,1.89333333333333,1,42,65,1.71566666666667,1,1,1,0,0,0,0,0,0,0,1,0,0,0,0,0,0,1,1,0,0,0
39.5,97.22,34.8066666666667,2,2,2,4,3,1.62333333333333,2,5.5,1,54.39,6.7,5.29033333333333,0,1,0,0,0,1,0,0,0,0,1,0,0,0,0,0,0,1,1,0,0,0
36.5,78,30,3,2.52333333333333,1,3,1,1.72,1,1.78666666666667,2.22666666666667,34,75,1,1,1,1,0,0,0,0,0,0,0,0,0,1,0,0,0,0,1,0,1,0,0
38.1,56,20,4,3,1,3,1,1,1,1.62166666666667,2.54333333333333,46,70,1.595,0,1,0,1,0,0,0,0,1,0,0,0,0,0,1,0,0,0,1,0,0,1
39.4,54,66,3,3,1,3,2,1,1,4.471,2,39,6,2.89966666666666,1,1,0,1,0,0,0,0,0,1,0,0,0,0,0,0,1,0,0,1,0,0
38.3,80,40,2.15333333333333,1.80666666666667,2,3,1,1.71666666666667,3,2.39733333333333,3,67,10.2,1,1,1,0,0,0,0,0,1,0,0,0,1,0,0,0,0,1,0,0,1,0,0
38.7,40,28,4,3,1,1,1,1.44666666666667,1.06666666666667,1.64166666666667,3,39,62,1,0,1,1,0,0,0,0,0,0,0,1,0,0,1,0,0,0,0,1,0,0,1
38.2,64,24,3,3,1,4,3,2,1,2.44333333333333,1,45,7.5,2,1,1,0,0,1,0,0,0,0,0,0,1,0,0,0,0,1,0,1,0,0,0
37.6,48,20,2,3,1,1,3,2,1,5.25966666666666,3,37,5.5,6.27533333333332,0,1,0,0,0,1,0,0,1,0,0,0,0,1,0,0,0,0,0,1,0,0
38,42,68,1,3,1,3,2,2,3,5.542,1,41,7.6,5.02933333333332,1,1,1,0,0,0,0,0,0,0,1,0,0,0,0,0,1,0,1,0,0,0
38.7,65.73,29.3833333333333,2,3,1,4,2,1.71333333333333,1.37,5.49066666666667,2.32,33,6.5,3.43699999999999,1,1,0,0,1,0,0,0,0,0,0,0,1,0,0,0,0,1,0,1,0,0
37.4,50,32,2,2,1,4,1,2,1,2.476,3,45,7.9,1,1,1,0,0,1,0,0,0,0,0,0,1,0,0,0,0,0,1,0,1,0,0
37.4,84,20,2.44333333333333,2.21333333333333,1,3,3,1.94666666666667,1.29666666666667,1.65833333333333,2.02,31,61,1,1,1,0,0,1,0,0,0,0,1,0,0,0,0,0,0,0,1,0,1,0,1
38.4,49,21.09,3.18666666666667,3.00666666666667,1,2.76666666666667,1,2,1,5.606,1.75666666666667,44,7.6,6.04266666666666,1,1,1,0,0,0,0,0,0,0,1,0,0,0,0,0,0,1,1,0,0,0
37.8,30,12,2.92333333333333,2.95,1.00333333333333,2.17666666666667,1.75666666666667,1.66,1.52333333333333,5.47299999999999,2.55666666666667,36.9633333333333,6.85333333333334,5.70366666666666,1,1,1,0,0,0,0,0,0,0,1,0,0,0,0,1,0,0,0,1,0,0
37.6,88,36,2,3,1,3,2,1,2,1.5,1.80666666666667,44,6,1.653,0,1,1,0,0,0,0,0,0,0,1,0,0,0,0,0,1,0,0,1,0,0
38,48,20,2,3,1,3,1,2,1,1.88933333333333,2,43,73,1,1,1,0,0,1,0,0,0,0,0,0,1,0,0,0,0,0,1,0,1,0,0
37.9,40,24,3,3,1,3,1,1.77666666666667,1.13,4.41333333333333,2.61,40,5.7,3.38799999999999,0,1,1,0,0,0,0,0,0,1,0,0,0,0,0,1,0,0,0,1,0,0
37.941,100,26.2766666666667,2,1.97333333333333,2,4,2.80666666666667,2,1.43,5.74433333333334,4,59,6.3,5.16233333333333,1,1,0,0,0,1,0,0,0,0,0,0,1,0,0,0,0,1,0,0,1,0
38.1,136,48,2,2,1,1,3,2,3,4.4,4,33,4.9,2.9,1,0,0,0,1,0,0,0,0,0,0,0,1,0,0,0,0,1,0,1,0,0
37.7703333333333,76.5566666666667,29.9266666666667,2,2,2,3,3,3,3,4.40366666666667,1,46,5.9,3.28999999999999,1,1,0,0,1,0,0,0,0,0,0,0,1,0,0,0,0,1,0,0,1,0
38,48,27.02,3,3,1,2,4,2,3,5.58333333333334,1,42.1733333333333,6.63200000000001,6.54366666666666,1,1,1,0,0,0,0,0,1,0,0,0,0,0,0,0,0,1,0,1,0,0
38,56,26.63,3,4,1,1,1,1,1,1.76333333333333,3,42,71,1.606,0,1,0,0,1,0,0,0,1,0,0,0,0,1,0,0,0,0,1,0,0,1
38,60,32,3,3,1,3,1.26666666666667,1,1,2.26166666666667,2.87666666666667,50,7,1,0,1,0,0,1,0,0,0,0,0,1,0,0,0,1,0,0,0,1,0,0,1
38.1,44,9,2,3,1,2,1,1,1,5.61466666666667,1,31,7.3,5.53433333333333,1,1,1,0,0,0,0,0,0,1,0,0,0,0,0,0,0,1,1,0,0,1
36,42,30,2.21,2.34666666666667,1,2.76666666666667,1.73666666666667,1.65333333333333,1.58666666666667,5.86533333333333,2.59333333333333,64,6.8,4.57799999999999,0,1,0,0,0,0,1,0,0,0,1,0,0,0,0,0,0,1,0,1,0,1
38.471,120,53.8133333333333,1,2,2,4,4,1.89,2.12666666666667,4.52033333333333,1,57,4.5,3.9,1,1,0,0,0,0,0,1,0,0,0,0,1,0,0,0,0,1,0,0,1,0
37.8,48,28,3,3,2,2,1,2,1.56333333333333,5.41266666666667,3,46,5.9,7,1,1,1,0,0,0,0,0,1,0,0,0,0,1,0,0,0,0,0,1,0,1
37.1,84,40,2,2,1,4,4,3,3,2,1,75,81,1.72166666666666,1,1,0,0,0,0,0,1,0,1,0,0,0,0,0,0,0,1,0,0,1,1
37.898,80,32,2,2,1,3,3,2,1,1.49833333333333,2,50,80,1.59933333333333,0,1,0,1,0,0,0,0,0,1,0,0,0,0,0,0,0,1,0,1,0,0
38.2,48,28.75,3,2,1,4,4,1,2,2,1,42,71,1.92166666666667,1,1,0,0,1,0,0,0,0,0,1,0,0,0,0,0,0,1,0,0,1,0
38,44,12,4,3,1,4,3,1,3,6.5,3,33,6.5,5.01,0,1,0,0,1,0,0,0,0,0,1,0,0,0,0,0,1,0,1,0,0,0
38.3,132,39.29,1.70666666666667,2,2,4,2,2,2,6.2,1,57,8,5.2,1,1,0,0,0,0,0,1,0,1,0,0,0,0,0,0,1,0,0,0,1,0
38.7,48,24,3.60333333333333,2.95666666666667,1.14666666666667,1,1.16333333333333,1,1,1.74666666666667,3,34,63,1.50833333333334,0,1,1,0,0,0,0,0,1,0,0,0,0,1,0,0,0,0,1,0,0,1
38.9,44,14,2,3,1,3,2,1.58666666666667,1.14666666666667,1.77666666666667,2.05,33,64,1.163,0,1,1,0,0,0,0,0,0,1,0,0,0,0,1,0,0,0,1,0,0,1
39.3,102.42,39.6033333333333,1,2,2,4,2,1,2,4,1,75,7.087,4.3,1,1,0,0,0,0,0,1,0,0,0,1,0,0,0,0,1,0,0,0,1,0
37.968,100,25.7033333333333,2,2,2,4,4,2,1,2,1.12666666666667,68,64,2,1,1,0,0,0,1,0,0,0,0,0,0,1,0,0,0,0,1,0,0,1,0
38.6,48,20,2,3,1,3,2,2,1,5.462,2,50,7.3,5.72566666666666,0,1,1,0,0,0,0,0,1,0,0,0,0,0,1,0,0,0,1,0,0,1
38.8,48,40,3,3,1,3,4,2,1.50333333333333,1.86,1.50333333333333,41,65,1.72066666666667,0,1,0,0,1,0,0,0,0,0,1,0,0,0,0,0,0,1,0,1,0,0
38,48,20,2,2,1,4,2,2,1.27666666666667,5,1.94666666666667,49,8.3,5.71166666666666,0,1,0,0,0,1,0,0,1,0,0,0,0,0,1,0,0,0,1,0,0,1
38.6,52,20,3,3,1,3,2,1,1,5.886,3,36,6.6,5,0,1,1,0,0,0,0,0,0,0,1,0,0,0,0,1,0,0,1,0,0,1
37.8,60,24,3,2.30666666666667,2,4,4,2,2,2,1.08666666666667,52,75,1.934,1,1,0,0,1,0,0,0,0,0,0,0,1,0,0,0,0,1,0,0,1,0
38,42,40,2,3,1,3,1,1.42666666666667,1.22333333333333,1.755,2.65,40.0033333333333,63.94,1.28733333333333,0,1,1,0,0,0,0,0,0,0,1,0,0,1,0,0,0,0,1,0,0,1
37.8003333333334,51.7433333333333,12,3,3,1,1,2,3,1,5.748,3,44,7.5,4.688,0,1,0,1,0,0,0,0,0,1,0,0,0,0,0,1,0,0,0,1,0,1
37.6803333333333,50.0466666666667,19.2633333333333,2.91,2.91,1,1.89,1.47666666666667,1,1,1.75666666666667,2.36,35,58,1,1,1,1,0,0,0,0,0,0,0,0,1,0,0,0,0,0,1,0,1,0,0
38.3,42,24,3.00333333333333,3.01,1,2.71,1.70333333333333,1.80333333333333,1.04333333333333,5.76,1.91,40,8.5,5.83766666666666,1,1,1,0,0,0,0,0,0,0,1,0,0,0,0,0,0,1,1,0,0,0
39.5,60,10,2,2.92333333333333,2,3,2,2,1,1.715,2,38,56,1.221,0,1,1,0,0,0,0,0,0,0,1,0,0,0,1,0,0,0,1,0,0,1
38,66,20,3,2,1,3,1,1,1,1.888,2,46,46,2,1,1,0,0,1,0,0,0,0,0,0,0,1,0,0,0,0,1,0,0,1,0
38.7,76,31.24,3,3,2,3,2,2,3,6.032,1,50,8,4.555,1,1,0,0,0,0,1,0,0,0,1,0,0,0,0,0,1,0,0,0,1,0
39.4,120,48,1.65333333333333,2.02333333333333,1,3,3,1,1.84333333333333,1.865,1,56,64,2,1,1,0,0,0,0,1,0,0,1,0,0,0,0,0,0,0,1,1,0,0,1
38.3,40,18,3,3,1,1,1,1.79333333333333,1.21,4.23866666666667,4,43,5.9,3.77566666666666,1,1,1,0,0,0,0,0,0,0,1,0,0,1,0,0,0,0,1,0,0,1
38.3173333333333,44,24,3,3,1,3,1,2,1,5.33833333333334,2.41,40.705,6.3,6.31466666666666,0,1,1,0,0,0,0,0,0,0,1,0,0,1,0,0,0,0,1,0,0,1
38.4,104,40,3,3,1,4,2,2,2,6.5,1.47333333333333,55,8.5,4.21233333333334,1,1,0,0,1,0,0,0,0,1,0,0,0,0,0,0,1,0,0,0,1,0
37.804,65,24,1.91,2.14,2,3.94,4,3,1,4.76766666666667,1.01666666666667,49.67,6.446,3.63999999999999,1,1,0,0,0,1,0,0,0,0,0,0,1,0,0,0,0,1,0,0,1,0
37.5,44,20,3,3,1,1,1,1.24666666666667,1.07666666666667,5.88866666666667,3,35,7.2,4.92333333333334,0,1,0,0,1,0,0,0,1,0,0,0,0,1,0,0,0,0,0,1,0,1
39,86,16,2,2,1.93,3,3,1.91,3,4.878,1.28666666666667,68,5.8,6,0,1,0,0,0,0,1,0,0,0,1,0,0,0,0,0,0,1,0,0,1,0
38.5,129,48,2,2,1,4,3,1,2,2,1.21666666666667,57,66,2,1,1,0,0,1,0,0,0,0,1,0,0,0,0,0,0,0,1,0,0,1,0
38.3406666666666,104,31.94,2,2,2,4,3,1.73,2,5.563,1,69,8.6,3.4,1,1,0,0,0,0,1,0,0,1,0,0,0,0,0,0,1,0,0,1,0,0
38.24,88.9066666666667,33.5866666666667,2,1,1.90333333333333,3.72333333333333,4,1.43,2.17666666666667,6.30333333333334,1.74,66.8366666666667,8.48400000000001,4.73366666666667,0,1,0,0,0,0,0,1,0,0,0,1,0,0,0,0,0,1,0,0,1,0
38.2166666666667,50.7866666666667,24.13,3.14333333333333,3.00333333333333,1.00333333333333,2.85,1.59,1.34666666666667,1.02333333333333,5.766,2.13333333333333,37.17,6.73499999999999,5.40966666666666,1,1,1,0,0,0,0,0,0,0,1,0,0,0,0,0,0,1,1,0,0,0
38.2,60,30,3,3,1,3,1,2,1,1.88666666666667,2,48,66,1.42633333333333,1,1,0,0,1,0,0,0,0,0,1,0,0,0,1,0,0,0,1,0,0,0
37.7183333333333,68,14,2.2,2.27,1,3.64,3.24,2.18,1,4.3,1.58,44.4966666666667,6.15333333333333,2.8,1,1,0,0,0,1,0,0,0,0,0,1,0,0,0,0,0,1,0,1,0,0
38.2426666666666,60,30,2,2,2,4,4,1,1,1.79666666666667,1,45,70,2,1,1,0,0,0,1,0,0,0,0,0,0,1,0,0,0,0,1,0,0,1,0
38.5,100,26.76,2,2,2,3,4,2,1,6.422,1,61.4733333333333,7.77366666666666,4.41033333333333,0,1,0,0,0,0,1,0,0,0,0,1,0,0,0,0,0,1,0,0,1,1
38.4,84,30,2,3,2,3,3,2,2,6.5,1,47,7.5,3.53233333333333,1,1,0,0,0,0,1,0,0,0,0,1,0,0,0,0,1,0,0,0,1,0
37.8,48,14,2.75333333333333,2.96333333333333,1,2.24333333333333,2,1,2,5.3,3,35,7.5,5.61899999999999,0,1,1,0,0,0,0,0,0,0,1,0,0,0,0,1,0,0,0,1,0,1
38,95.3466666666667,24,2,2,2,3.85,4,1,1,5.52666666666667,1.05666666666667,68,7.8,5.108,1,1,0,0,0,0,0,1,0,0,0,0,1,0,0,0,0,1,0,0,1,0
37.8,56,16,3,3,1,1,1,2,1,1.48,3,44,68,1,0,1,0,1,0,0,0,0,0,1,0,0,0,1,0,0,0,0,1,0,0,1
38.2,68,32,4,4,1,1,1,3,1,1.48166666666667,3,43,65,1.605,0,1,0,1,0,0,0,0,1,0,0,0,0,1,0,0,0,0,1,0,0,1
38.5,120,60,1,2,2,3,3.3,1.80333333333333,2.09333333333333,4.588,1.16,54,5.55733333333333,4.02566666666666,1,1,0,0,0,0,0,1,0,0,0,0,1,0,0,0,0,1,0,0,1,0
39.3,64,90,4,2,1,3,1,1,3,6.33933333333333,2.71333333333333,39,6.7,5.06866666666666,1,1,1,0,0,0,0,0,0,0,1,0,0,0,0,0,0,1,1,0,0,0
38.4,80,30,1,2,1,3,3,3,2,5.06733333333334,1,32,6.1,4.3,1,1,1,0,0,0,0,0,0,0,1,0,0,0,0,0,0,1,0,0,1,0
38.5,60,23.1733333333333,3,3,1,1,1,1.38666666666667,1.08,1.69333333333333,2.39666666666667,33,53,1.21166666666667,1,1,1,0,0,0,0,0,0,1,0,0,0,0,0,0,0,1,1,0,0,0
38.3,60,16,2,3,1,1,1,2,3,3,3,30,6,3,1,1,1,0,0,0,0,0,0,1,0,0,0,0,0,0,1,0,1,0,0,0
37.1,40,8,2.62,3,1,3,1,1,1,5.55433333333333,2,23,6.7,5.778,1,1,0,0,0,1,0,0,0,0,1,0,0,0,0,1,0,0,0,0,1,0
38.446,100,44,4,3,1,1,1,1.87666666666667,1.75,5.48666666666667,3,37,4.7,5.47366666666666,0,0,1,0,0,0,0,0,0,0,0,1,0,1,0,0,0,0,0,1,0,1
38.2,48,18,3,3,1,3,3,1,3,1.92333333333333,1,48,74,2,1,1,1,0,0,0,0,0,0,0,1,0,0,0,0,0,0,1,1,0,0,0
38.451,60,48,2,2,2,3,4,1.85666666666667,2.25666666666667,6.354,1.34333333333333,58,7.6,4.67333333333333,1,1,0,0,0,1,0,0,0,0,0,1,0,0,0,0,0,1,0,0,1,0
37.9,88,24,3,3,1,2,1,1.78333333333333,1.24333333333333,1.38833333333333,1,37,56,1.42733333333333,0,1,0,1,0,0,0,0,0,1,0,0,0,1,0,0,0,0,1,0,0,1
38,44,12,2,3,1,1,2,1.54,1.04333333333333,1.74666666666667,3,42,64,1.48766666666667,0,1,1,0,0,0,0,0,1,0,0,0,0,1,0,0,0,0,1,0,0,1
38.5,60,20,3,3,2,2,1,2,1,4.852,4,63,7.5,2.3,0,1,0,0,0,0,1,0,0,1,0,0,0,0,0,1,0,0,0,1,0,1
38.5,96,36,2,2,2,4,2,1,3,6.1,1,70,8.5,4.49766666666667,0,1,0,0,0,0,0,1,0,1,0,0,0,0,0,0,0,1,0,0,1,0
38.3,60,20,3,3,2,3,1,1.46333333333333,1.06666666666667,1.801,2,34,66,1.561,0,1,1,0,0,0,0,0,1,0,0,0,0,0,1,0,0,0,1,0,0,1
38.5,60,40,2,3,1,1,2,1.95,1.19666666666667,1.43666666666667,2,49,59,1.22366666666667,0,1,0,1,0,0,0,0,0,1,0,0,0,0,1,0,0,0,1,0,0,1
37.3,48,12,3,2.98333333333333,1,1,3,2,1,5.62333333333333,2,40,6.6,4.89033333333334,1,1,0,0,1,0,0,0,0,0,1,0,0,0,0,1,0,0,0,1,0,0
38.5,86,31.12,3,3,1,4,3,2,1,6.303,2,45,7.4,3.4,1,1,0,0,1,0,0,0,0,0,0,1,0,0,0,0,0,1,1,0,0,0
37.5,48,40,2.74666666666667,2.64,1.07,2.84666666666667,2.42,1,1,1.88666666666667,1.67,41,55,2,1,1,0,0,1,0,0,0,0,0,1,0,0,0,0,0,0,1,0,0,1,0
37.2,36,9,3,3,1,3,1,2,1,4.52666666666667,1,35,5.7,3.84033333333333,0,1,1,0,0,0,0,0,0,1,0,0,0,1,0,0,0,0,0,1,0,1
39.2,62.0333333333333,23,2,3,1,4,2,2,1.19333333333333,5.97,2.39666666666667,36,6.6,3,1,1,0,0,1,0,0,0,0,0,0,1,0,0,0,0,0,1,1,0,0,0
38.5,100,26.76,2,2,2,3,4,2,1,6.422,1,61.4733333333333,7.77366666666666,4.41033333333333,0,1,0,0,0,0,1,0,0,0,0,1,0,0,0,0,0,1,0,0,1,1
38.5,96,30,4,2,2,4,3,2,1,1.75433333333333,2,50,65,1.73533333333333,1,1,0,0,0,1,0,0,0,0,0,1,0,0,0,0,0,1,0,0,1,0
38.0106666666667,52.65,28.4633333333333,2.83,3.06333333333333,1.01,2.76,1.65,1.7,1.33333333333333,6.48266666666667,2.49333333333333,45,8.7,4.24833333333333,1,1,0,1,0,0,0,0,0,1,0,0,0,0,0,0,0,1,1,0,0,0
37.8,88,80,2,2,2,3,3,2,2,1.86833333333333,1,64,89,1.729,1,1,0,0,0,0,1,0,0,1,0,0,0,0,0,0,0,1,0,0,1,0
37.5,44,10,2,3,1,1,2,2,1.16666666666667,1.7,2,43,51,1,0,1,1,0,0,0,0,0,0,0,1,0,0,0,0,1,0,0,1,0,0,1
37.9,68,20,2.55,3,1,4,2,1.73666666666667,1.25,4.43766666666666,3,45,4,2.8,1,1,0,1,0,0,0,0,0,1,0,0,0,0,0,0,0,1,0,0,1,0
38,86,24,1,2,1,4,4,1,1,5.192,1,45,5.5,10.1,1,1,0,0,0,1,0,0,0,1,0,0,0,0,0,0,0,1,1,0,0,0
38.9,120,30,3,2,2,3,3,3,1,3,1.58,47,6.3,3.17666666666666,1,0,0,1,0,0,0,0,0,0,1,0,0,0,0,0,0,1,1,0,0,1
37.6,45,12,2,3,1,2,2,2,1,2.27066666666667,3,39,7,1.5,1,1,0,0,1,0,0,0,0,0,1,0,0,0,0,0,1,0,0,1,0,0
38.6,56,32,4,3,1,1,1,2,1.13333333333333,2.34066666666667,4,40,7,2.1,0,1,1,0,0,0,0,0,1,0,0,0,0,1,0,0,0,0,0,1,0,1
37.8,40,12,3,3,1,2,1,2,1,5.425,3,38,7,6.29366666666666,1,1,1,0,0,0,0,0,1,0,0,0,0,0,1,0,0,0,0,1,0,0
38.3516666666668,49.8566666666667,24.1666666666667,3.52333333333333,3.02,1,1.04333333333333,1.04333333333333,1.32,1,1.72333333333333,2.97666666666667,38.0666666666667,63.2633333333333,1.57533333333334,0,1,1,0,0,0,0,0,1,0,0,0,0,1,0,0,0,0,1,0,0,1
38,76,18,1.97666666666667,1.87,2,3.87,3.13666666666667,1.41333333333333,1.80666666666667,5.273,1.59333333333333,71,11,4.31233333333334,1,1,0,0,0,0,0,1,0,0,0,0,1,0,0,0,0,1,0,0,1,0
38.1,40,36,3,4,1,2,1.61,1.88333333333333,1.21333333333333,2.189,2.42333333333333,42.8333333333333,6.77733333333334,1.28033333333333,1,1,0,1,0,0,0,0,0,1,0,0,0,0,0,0,0,1,0,1,0,0
37.738,52,28,2,2,1,4,3,2,1,5.248,1,37,8.1,6.20633333333333,1,1,0,0,0,1,0,0,0,0,1,0,0,0,0,0,1,0,0,0,1,0
39.2,88,58,1,1,2,4,2.85666666666667,1.64,1.84666666666667,1.55833333333333,1.73333333333333,53.1166666666667,51.25,2,1,1,0,0,0,1,0,0,0,0,0,0,1,0,0,0,0,1,0,1,0,1
38.5,92,40,1,2,1,4,3,1.50666666666667,1.81333333333333,1.62333333333333,1,46,67,2,1,1,0,0,0,1,0,0,0,1,0,0,0,0,0,0,0,1,0,1,0,0
37.8833333333333,112,13,1,1,1,3,1,2,1,4.5,1,60,6.3,3.90699999999999,1,1,0,0,0,1,0,0,0,1,0,0,0,0,0,0,1,0,0,0,1,0
37.7,66,12,3,3,1,3,2,2,1.47666666666667,2.08966666666667,1,31.5,6.2,1.6,1,1,0,0,1,0,0,0,0,0,1,0,0,0,0,0,1,0,0,1,0,0
38.8,50,14,3,3,1,1,1,1,1,1.77833333333333,2,38,58,1.22766666666667,1,1,1,0,0,0,0,0,0,0,1,0,0,0,0,0,0,1,1,0,0,0
38.4,54,24,3,3,1,3,1,2,1,5.59566666666667,2,49,7.2,8,0,1,1,0,0,0,0,0,1,0,0,0,0,0,1,0,0,0,1,0,0,1
39.2,120,20,1,2,2,3,3,1,2,5.80300000000001,1.22333333333333,60,8.8,4.60833333333334,1,1,0,0,0,0,1,0,0,1,0,0,0,0,0,0,1,0,0,0,1,0
38.5866666666666,130.566666666667,61.57,2.48333333333333,2.32,1.13,3.20666666666667,3.05666666666667,1.74333333333333,1.81666666666667,5.65266666666667,1.62666666666667,45,6.5,4.09533333333332,1,0,0,1,0,0,0,0,0,0,1,0,0,0,0,0,0,1,0,1,0,0
37.3,90,40,2,1.90666666666667,2,4,3,2,3,1.83,3,65,50,2,1,1,0,0,0,0,0,1,0,0,0,0,1,0,0,0,0,1,0,0,1,0
38.5,120,70,2.44666666666667,2.74333333333333,1.05,1,2,2,2.09666666666667,1.65666666666667,3,35,54,1,1,0,1,0,0,0,0,0,0,1,0,0,0,0,0,0,1,0,1,0,0,0
38.5,104,40,2,2,1,3,4,1.87,1.86,6.51266666666667,1.32,54.5433333333333,7.81399999999999,4.84133333333333,1,1,0,0,0,1,0,0,0,0,0,1,0,0,0,0,0,1,0,0,1,0
39.5,92,28,2,2,1,4,1,1.42,2,4.58266666666667,1,72,6.4,3.6,0,1,0,0,0,0,0,1,0,0,0,0,1,0,0,0,0,1,0,0,1,1
38.5,30,18,3.12333333333333,2.93666666666667,1.03333333333333,2.51333333333333,1.75666666666667,1.98666666666667,1.42333333333333,5.61533333333333,1.71,40,7.7,5.73666666666665,1,1,1,0,0,0,0,0,0,0,1,0,0,0,0,0,0,1,1,0,0,0
38.3,72,30,1,2,2,3,3,2,1,5.65533333333334,2,43,7,3.9,1,1,0,0,1,0,0,0,0,0,1,0,0,0,0,0,0,1,0,1,0,0
37.5,48,30,1,3,1,2,1,1,1,6.25066666666667,3,48,8.6,4.902,0,1,0,0,1,0,0,0,1,0,0,0,0,1,0,0,0,0,1,0,0,1
38.1,52,24,3,3,1,3,1,2,2,7,3,54,7.5,2.6,1,1,0,0,0,0,1,0,0,0,0,1,0,0,0,0,0,1,0,1,0,0
38.2,42,26,3,3,1,1,2,1.49666666666667,1.02,5.84433333333333,3,36,6.9,5.92433333333332,0,1,1,0,0,0,0,0,0,0,1,0,0,1,0,0,0,0,1,0,0,1
37.9,54,42,4,3,1,1,1,1.52,1,1.79,2.17666666666667,47,54,1,0,1,0,0,0,0,1,0,0,0,1,0,0,0,1,0,0,0,0,0,1,1
36.1,88,30.4033333333333,2,2,1,3,2,2,2,5.49233333333333,1.14333333333333,45,7,4.8,0,1,0,0,1,0,0,0,0,0,1,0,0,0,0,0,1,0,0,0,1,0
38.1,70,22,2.69666666666667,3,1,3,2.09,1.58333333333333,1.11,1.85666666666667,1.83333333333333,36,65,1.653,1,1,1,0,0,0,0,0,0,0,0,0,1,0,0,0,0,1,1,0,0,0
38,90,30,1,2,2,4,4,2.06333333333333,2.07666666666667,5.187,1,55,6.1,5.871,1,1,0,0,0,1,0,0,0,0,0,0,1,0,0,0,0,1,0,0,1,0
38.2,52,16,3,3,1,2,1,1,1,6.11766666666667,3,43,8.1,5.04866666666667,1,1,0,1,0,0,0,0,1,0,0,0,0,1,0,0,0,0,1,0,0,1
37.8093333333334,36,32,3,3,1,3,3,2,2,4,1.44333333333333,41,5.9,3.05499999999999,1,1,0,0,0,1,0,0,0,0,0,0,1,0,0,0,1,0,0,1,0,0
38.4,92,20,3,2.51,2,3,3,1.89333333333333,1.58,6.208,3,52.7,7.701,3.305,1,1,0,0,0,0,1,0,0,0,0,1,0,0,0,0,0,1,0,1,0,0
38.2,124,88,3,2,1,3,4,1.67333333333333,1.98333333333333,6.36533333333334,1.72,47,8,4.65433333333333,1,0,0,1,0,0,0,0,0,1,0,0,0,0,0,0,0,1,1,0,0,0
37.7966666666667,96,26.31,2,2,2,4,4,1.61,1,5.74466666666667,1,60,7.02633333333333,4.82033333333334,0,1,0,0,1,0,0,0,0,0,0,0,1,0,0,0,0,1,0,0,1,0
37.6,68,32,2,2.6,1,2,4,2,3,6.5,3,47,7.2,4.42933333333333,1,1,0,0,1,0,0,0,0,0,0,1,0,0,0,0,0,1,1,0,0,0
38.1,88,24,2,2,1,4,3,2,1,4.317,2,41,4.6,3.20033333333333,1,1,0,0,0,1,0,0,0,0,0,0,1,0,0,0,1,0,0,0,1,0
38,108,60,4,2,1,3,3,2,1.77333333333333,1.615,2,50.72,59.2933333333333,1.67633333333333,1,1,0,0,0,1,0,0,0,0,0,1,0,0,0,0,1,0,0,0,1,0
38.2,48,18.99,4,2.95666666666667,2,3,1,2,1,5.32133333333333,2.06666666666667,34,6.6,6.12433333333333,0,1,1,0,0,0,0,0,0,0,1,0,0,0,1,0,0,0,1,0,0,1
39.3,100,51,1,1,1,4,1,1,2,2,1.76333333333333,66,13,2,1,1,0,0,0,0,0,1,0,1,0,0,0,0,0,0,1,0,0,0,1,0
36.6,42,18,2,2,1,4,1,1,1,5.56666666666667,2.05333333333333,52,7.1,5.35933333333333,0,1,0,1,0,0,0,0,1,0,0,0,0,0,0,0,0,1,0,0,1,0
38.8,124,36,2,3,1,3,4,1,1,6.13300000000001,1,50,7.6,5.01666666666666,1,0,0,1,0,0,0,0,0,1,0,0,0,0,0,0,1,0,0,0,1,0
37.977,112,24,2,2,2,4,2,2.07666666666667,1.36333333333333,4.59733333333333,1,40,5.3,2.6,0,1,0,0,0,1,0,0,0,0,0,0,1,0,0,0,0,1,0,0,1,1
37.8563333333334,80,27.4733333333333,2,2,1,4,4,1.73333333333333,1.71,1.98833333333333,1,43,70,1.92333333333333,1,1,0,0,1,0,0,0,0,0,0,1,0,0,0,0,0,1,0,0,1,0
38.8,184,84,3,2.60333333333333,1,1,3,1.94666666666667,2.13,5.48233333333334,4,33,3.3,5.06533333333332,1,0,1,0,0,0,0,0,0,0,0,1,0,1,0,0,0,0,0,1,0,0
37.5,72,28.53,4,3,1,1,1,1,1,1.74666666666667,3,35,65,2,1,1,1,0,0,0,0,0,0,1,0,0,0,0,0,0,0,1,0,1,0,0
38.7,96,28,2,2,1,4,3.02333333333333,1.70666666666667,2,7.5,1.62333333333333,64,9,5.16033333333333,1,1,0,0,0,1,0,0,0,1,0,0,0,0,0,0,0,1,0,0,1,0
37.5,52,12,3,3,1,3,2,2,1,1.66333333333333,2,36,61,1,0,1,1,0,0,0,0,0,0,1,0,0,0,0,0,0,0,1,1,0,0,1
40.8,72,42,2,2,1,3,1,2,1,6.79966666666667,2.21666666666667,54,7.4,4.49533333333333,1,1,1,0,0,0,0,0,0,1,0,0,0,0,0,0,0,1,0,0,1,0
38,40,25,2.74666666666667,3,1,3,2,1,1,1.83433333333333,1,37,69,1.54833333333333,0,1,1,0,0,0,0,0,0,0,0,1,0,0,0,0,0,1,1,0,0,1
38.4,48,16,4,3,1,2.84333333333333,2,2,1,5.44733333333333,2.10333333333333,39,6.5,5.66266666666666,0,1,1,0,0,0,0,0,1,0,0,0,0,0,1,0,0,0,1,0,0,1
38.6,88,28,3.01,2.86333333333333,1.03,1.65666666666667,1.29333333333333,1.79333333333333,1.42666666666667,2.01266666666667,2.55666666666667,35,5.9,1.57,0,0,1,0,0,0,0,0,0,0,0,0,1,1,0,0,0,0,1,0,0,1
37.1,75,36,2.40666666666667,2.56666666666667,2,4,2,2,2,5,1,48,7.4,3.2,1,1,0,0,1,0,0,0,0,0,0,1,0,0,0,0,1,0,0,0,1,0
38.3,44,21,2,3,1,3,3,2,1,5.85533333333334,3,44,6.5,4.4,1,1,0,1,0,0,0,0,0,0,1,0,0,0,0,0,0,1,0,1,0,0
38.5276666666666,56,68,2,3,1,3,1,2,1,3.964,3,40,6,3.42833333333333,0,1,1,0,0,0,0,0,0,0,1,0,0,0,0,0,1,0,0,1,0,0
38.6,68,20,4,3,1,3,2,1,1,6.07233333333334,3,38,6.5,4.32333333333333,0,1,0,0,1,0,0,0,0,0,1,0,0,0,0,0,0,1,1,0,0,1
38.3,54,18,2,3,1,3,2,1.83666666666667,2,5.4,1.44333333333333,44,7.2,4.33066666666666,0,1,0,1,0,0,0,0,0,1,0,0,0,0,0,0,1,0,0,0,1,1
38.2,42,20,2.77666666666667,2.99,1,3,1.35333333333333,1.51333333333333,1.06,1.81766666666667,2,47,60,1.69,1,1,1,0,0,0,0,0,1,0,0,0,0,0,1,0,0,0,1,0,0,1
39.3,64,90,4,2,1,3,1,1,3,6.5,3,39,6.7,5.06866666666666,1,1,1,0,0,0,0,0,0,0,1,0,0,0,0,0,0,1,1,0,0,0
37.5,60,50,2,2,1,3,2,2,3,3.5,2,35,6.5,3.49066666666666,1,1,1,0,0,0,0,0,0,0,1,0,0,0,0,0,1,0,0,1,0,0
37.7,80,32.9,2,2,1,4,1,2,2,1.825,2,50,55,2,1,1,0,0,0,0,0,1,0,0,0,0,1,1,0,0,0,0,0,0,1,0
37.491,100,30,2,2,2,4,4,3,2,5.16466666666667,1,52,6.6,5.672,1,1,0,0,0,1,0,0,0,0,0,0,1,0,0,0,1,0,0,0,1,0
37.7,120,28,2,2,1,3,3,1,1,5.10166666666667,1.15666666666667,65,7,4.172,1,1,0,0,1,0,0,0,0,0,0,0,1,0,0,0,1,0,0,0,1,0
37.8936666666666,76,26.2533333333333,1.68666666666667,2,1.93666666666667,4,4,2.37333333333333,1.25,4.47133333333333,1.1,49.97,6.23699999999999,3.75233333333333,1,1,0,0,0,1,0,0,0,0,0,0,1,0,0,0,0,1,0,0,1,0
38.8,150,50,3,2,2,3,2,1,1,4.478,1.4,50,6.2,3.984,1,0,0,0,0,0,0,1,0,0,0,0,1,0,0,0,1,0,0,0,1,0
38,36,16,2,3,1,2,2,3,2,2,2,37,75,1,1,1,1,0,0,0,0,0,0,0,0,1,0,0,0,0,0,1,0,1,0,1
36.9,50,40,4,2,1,3,2,3,1,7,2.52666666666667,37.5,6.5,5.016,0,1,0,0,1,0,0,0,1,0,0,0,0,1,0,0,0,0,1,0,0,1
37.8,40,16,3,3,1,1,1,1.48666666666667,1.03666666666667,5.659,3,37,6.8,6.27566666666666,0,1,1,0,0,0,0,0,1,0,0,0,0,1,0,0,0,0,0,1,0,1
38.2,56,40,1,2,1,4,3,2,3,7.5,1.97666666666667,47,7.2,2.5,0,1,1,0,0,0,0,0,0,1,0,0,0,0,0,0,0,1,1,0,0,1
38.6,48,12,2.98333333333333,2.98333333333333,1.05333333333333,1,1.35333333333333,1.39333333333333,1.03666666666667,1.8,2.93,36,67,1.47566666666667,1,1,1,0,0,0,0,0,1,0,0,0,0,1,0,0,0,0,1,0,0,1
40,78,36.2066666666667,2,2,1,3,1,1,1,6.157,1,66,6.5,4.43866666666667,0,1,0,0,0,0,1,0,0,1,0,0,0,1,0,0,0,0,0,0,1,0
38.279,70,16,2,1,2,3,2,2,1,5.98733333333334,1,60,7.5,4.067,1,1,0,0,0,0,1,0,0,1,0,0,0,0,0,0,0,1,0,0,1,0
38.2,72,18,2.60333333333333,2.85333333333333,1.06333333333333,2.95333333333333,1.96,1.62333333333333,1.17666666666667,2.078,2.06333333333333,35,6.4,1.37933333333333,1,1,1,0,0,0,0,0,0,0,1,0,0,0,0,0,0,1,1,0,0,0
38.5,54,31.3933333333333,3,3,1,1,1,2,1,5.77033333333333,3,40,6.8,7,0,1,1,0,0,0,0,0,0,0,1,0,0,1,0,0,0,0,0,1,0,1
38.5,66,24,3,3,1,3,1,2,1,5.52833333333334,1,40,6.7,6.126,1,1,1,0,0,0,0,0,0,0,1,0,0,0,0,0,0,1,1,0,0,0
37.8,82,12,2,3,2,2.85,3,1,2,5.52166666666667,1.23666666666667,50,7,5.26066666666666,0,1,1,0,0,0,0,0,0,0,0,1,0,0,0,0,0,1,0,0,1,0
39.5,84,30,2.69,2.88333333333333,1,2.16,1.63666666666667,1.80666666666667,1.63333333333333,4.449,2.77333333333333,28,5,3.67233333333333,0,0,1,0,0,0,0,0,0,0,1,0,0,1,0,0,0,0,1,0,0,1
38.2166666666667,50.7866666666667,24.13,3.14333333333333,3.00333333333333,1.00333333333333,2.85,1.59,1.34666666666667,1.02333333333333,5.766,2.13333333333333,37.17,6.73499999999999,5.40966666666666,1,1,1,0,0,0,0,0,0,0,1,0,0,0,0,0,0,1,1,0,0,0
38,50,36,3.01666666666667,3,1,2,2,1.53666666666667,1.41333333333333,5.72233333333333,2,39,6.6,5.3,1,1,1,0,0,0,0,0,0,0,1,0,0,0,0,0,0,1,1,0,0,0
38.6,45,16,4,3,1,1,1.28666666666667,1.77666666666667,1.05333333333333,1.46333333333333,3,43,58,1.51833333333334,0,1,0,1,0,0,0,0,1,0,0,0,0,1,0,0,0,0,1,0,0,1
38.9,80,44,2,2,1,3,3,2,3,7,2,54,6.5,4.23633333333333,1,1,0,0,1,0,0,0,0,1,0,0,0,1,0,0,0,0,0,0,1,0
37,66,20,3,2,1,3,3,1,1.30333333333333,5.697,3,35,6.9,4.15033333333333,1,1,0,1,0,0,0,0,0,0,0,1,0,0,0,0,0,1,0,1,0,0
37.6906666666667,78,24,2,2,1,3,2.76333333333333,2,1,1.83133333333333,1.51,43,62,2,1,1,0,0,1,0,0,0,0,0,0,0,1,0,0,0,1,0,0,0,1,1
38.5,40,16,3,3,1,1,1,1.62333333333333,1.04666666666667,1.74333333333333,2,37,67,1.219,0,1,1,0,0,0,0,0,0,1,0,0,0,0,1,0,0,0,1,0,0,1
38.8773333333334,120,70,1,1.60333333333333,2,4,3.09,1.46333333333333,1.88333333333333,1.57666666666667,1.61,55,65,1.80833333333333,1,1,0,0,0,1,0,0,0,1,0,0,0,0,0,0,0,1,0,1,0,1
37.2,72,24,2,4,2,3,3,3,1,4.94366666666667,1,44,6.75666666666667,3.3,0,1,0,0,0,1,0,0,0,0,0,1,0,0,0,0,1,0,0,0,1,0
37.5,72,30,1,2,1,4,3,2,1,6.31,2,60,6.8,4.97033333333333,1,1,0,0,0,1,0,0,0,0,0,1,0,0,0,0,0,1,0,0,1,0
36.5,100,24,2,2,1,3,3,3,1,4.27833333333333,1,50,6,3.4,1,1,0,0,1,0,0,0,0,0,1,0,0,0,0,0,1,0,0,0,1,0
37.2,40,20,2.66333333333333,2.94666666666667,1.01666666666667,2.05333333333333,1.4,2.08666666666667,1.19333333333333,1.645,1,36,62,1,1,1,1,0,0,0,0,0,0,1,0,0,0,1,0,0,0,0,1,0,0,1
